,Title,Rate,Processeur,Windows Version,Carte Graphique,RAM,Disque Dur,Ecran,Poids,Price
0,Nouveau XPS 13,4.4,Processeur Intel® Core™ i7-1065G7 de 10e génération,Windows 10 Famille 64 bits,Carte graphique Intel® Iris® Plus,"8 Go de mémoire LPDDR4x, 3 773 MHz, intégrée",Disque SSD M.2 PCIe NVMe de 512 Go,Processeur Intel® Core™ i7-1065G7 de 10e génération,Windows 10 Famille 64 bits,"1 099,04 "
1,XPS 13,4.1,Processeur Intel® Core™ i3-10110U de 10e génération,Windows 10 Professionnel 64 bits,Carte graphique Intel® UHD avec mémoire graphique partagée,8 Go de mémoire LPDDR3 intégrée à 2 133 MHz,Disque SSD M.2 PCIe NVMe de 256 Go,Processeur Intel® Core™ i3-10110U de 10e génération,Windows 10 Professionnel 64 bits,"698,40 "
2,Nouveau Inspiron 14 2-in-1,4.7,Processeur mobile AMD Ryzen™ 7 5700U avec carte graphique Radeon™,Windows 10 Famille 64 bits,Carte graphique AMD Radeon™ avec mémoire graphique partagée,"16 Go, 2 x 8 Go, de mémoire DDR4, 3 200 MHz",Disque SSD PCIe NVMe de 512 Go,Processeur mobile AMD Ryzen™ 7 5700U avec carte graphique Radeon™,Windows 10 Famille 64 bits,"928,80 "
3,Nouveau XPS 13,4.0,Processeur Intel® Core™ i7-1185G7 de 11e génération,Windows 10 Famille 64 bits,Carte graphique Intel® Iris Xe,16 Go de mémoire intégrée LPDDR4x à 4 267 MHz,Disque SSD M.2 PCIe NVMe de 1 To,Processeur Intel® Core™ i7-1185G7 de 11e génération,Windows 10 Famille 64 bits,"1 799,06 "
4,XPS 13 2in1,3.8,Processeur Intel® Core™ i7-1065G7 de 10e génération,Windows 10 Famille 64 bits,Carte graphique Intel® Iris® Plus,16 Go de mémoire intégrée LPDDR4x à 3 733 MHz,Disque SSD M.2 PCIe NVMe x4 intégré de 512 Go,Processeur Intel® Core™ i7-1065G7 de 10e génération,Windows 10 Famille 64 bits,"1 249,03 "
5,Nouveau Inspiron 15 plus,3.9,Processeur Intel® Core™ i7-11800H de 11e génération,Windows 10 Famille 64 bits,"16 Go, 2 x 8 Go, de mémoire DDR4, 3 200 MHz",Disque SSD M.2 PCIe NVMe de 1 To,,Processeur Intel® Core™ i7-11800H de 11e génération,Windows 10 Famille 64 bits,"1 299,17 "
6,Nouveau XPS 13,4.4,Processeur Intel® Core™ i7-1165G7 de 11e génération,Windows 10 Famille 64 bits,Carte graphique Intel® Iris Xe,16 Go de mémoire intégrée LPDDR4x à 4 267 MHz,Disque SSD M.2 PCIe NVMe de 512 Go,Processeur Intel® Core™ i7-1165G7 de 11e génération,Windows 10 Famille 64 bits,"1 199,09 "
7,Inspiron 17 2-in-1,4.3,Processeur Intel® Core™ i7-1165G7 de 11e génération,Windows 10 Famille 64 bits,Carte graphique NVIDIA® GeForce® MX350 avec 2 Go de mémoire GDDR5,"16 Go, 2 x 8 Go, de mémoire DDR4, 3 200 MHz",Disque SSD M.2 PCIe NVMe de 512 Go,Processeur Intel® Core™ i7-1165G7 de 11e génération,Windows 10 Famille 64 bits,"1 249,04 "
8,Nouveau XPS 15,4.0,Processeur Intel® Core™ i7-11800H de 11e génération,Windows 10 Famille 64 bits,Carte graphique NVIDIA® GeForce RTX™ 3050 Ti avec 4 Go de mémoire GDDR6 [45 W],"16 Go, 2 x 8 Go, de mémoire DDR4, 3 200 MHz",Disque SSD M.2 PCIe NVMe de 1 To,Processeur Intel® Core™ i7-11800H de 11e génération,Windows 10 Famille 64 bits,"1 999,22 "
9,Inspiron 15 3000,4.4,Processeur Intel®  Celeron®  N4020,Windows 10 Famille (mode S) 64 bits,Carte graphique Intel® UHD 600 avec mémoire graphique partagée,"4 Go, 1 x 4 Go, de mémoire DDR4, 2 400 MHz",Disque SSD M.2 PCIe NVMe de 128 Go,Processeur Intel®  Celeron®  N4020,Windows 10 Famille (mode S) 64 bits,"349,04 "
10,Inspiron 15 3000,4.2,Processeur Intel® Core™ i3-1115G4 de 11e génération,Windows 10 Famille (mode S) 64 bits,Carte graphique Intel® UHD avec mémoire graphique partagée,"8 Go, 1 x 8 Go de mémoire DDR4 à 2 666 MHz",Disque SSD M.2 PCIe NVMe de 256 Go,Processeur Intel® Core™ i3-1115G4 de 11e génération,Windows 10 Famille (mode S) 64 bits,"499,03 "
11,Inspiron 15 3000,4.2,Processeur Intel® Core™ i7-1165G7 de 11e génération,Windows 10 Famille 64 bits,Carte graphique Intel® Iris® Xe avec mémoire graphique partagée,"8 Go, 1 x 8 Go de mémoire DDR4 à 2 666 MHz",512GB M.2 PCIe NVMe Solid State Drive,Processeur Intel® Core™ i7-1165G7 de 11e génération,Windows 10 Famille 64 bits,"759,05 "
12,Inspiron 14 2-en-1,4.2,Processeur Intel® Core™ i3-1115G4 de 11e génération,Windows 11 Famille (mode S),Carte graphique Intel® UHD avec mémoire graphique partagée,"4 Go, 1 x 4 Go de mémoire DDR4 à 3 200 MHz",Disque SSD M.2 PCIe NVMe de 256 Go,Processeur Intel® Core™ i3-1115G4 de 11e génération,Windows 11 Famille (mode S),
13,Alienware Area-51m R2 Gaming Laptop,4.4,Intel® Core™ i7-10700 de 10e génération,Windows 10 Famille 64 bits,Carte graphique NVIDIA® GeForce® RTX 2080 SUPER™ avec 8 Go de mémoire GDDR6,8 Go de mémoire DDR4 bicanale à 2 933 MHz ; jusqu‘à 64 Go,Disque SSD M.2 PCIe NVMe de 256 Go,Intel® Core™ i7-10700 de 10e génération,Windows 10 Famille 64 bits,"2 078,44 "
14,Alienware Area-51m R2 Gaming Laptop,4.4,Intel® Core™ i9-10900 de 10e génération,Windows 10 Famille 64 bits,Carte graphique NVIDIA® GeForce® RTX 2080 SUPER™ avec 8 Go de mémoire GDDR6,8 Go de mémoire DDR4 bicanale à 2 933 MHz ; jusqu‘à 64 Go,Disque SSD M.2 PCIe NVMe de 256 Go,Intel® Core™ i9-10900 de 10e génération,Windows 10 Famille 64 bits,"2 398,45 "
15,Inspiron 15,4.2,Processeur Intel® Core™ i7-1165G7 de 11e génération,Windows 10 Famille 64 bits,Carte graphique Intel® Iris® Xe avec mémoire graphique partagée,"8 Go, 1 x 8 Go de mémoire, DDR4 à 3 200 MHz",Disque SSD M.2 PCIe NVMe de 512 Go,Processeur Intel® Core™ i7-1165G7 de 11e génération,Windows 10 Famille 64 bits,"779,04 "
16,Inspiron 15 3000,4.2,Processeur Intel® Core™ i5-1135G7 de 11e génération,Windows 10 Famille 64 bits,Carte graphique Intel® Iris® Xe avec mémoire graphique partagée,"8 Go, 1 x 8 Go de mémoire DDR4 à 2 666 MHz",Disque SSD M.2 PCIe NVMe de 256 Go,Processeur Intel® Core™ i5-1135G7 de 11e génération,Windows 10 Famille 64 bits,"609,05 "
17,Inspiron 15 3000,4.1,Processeur mobile AMD Ryzen™ 5 3450U avec carte graphique Radeon™ Vega 8,Windows 10 Famille 64 bits,Carte graphique AMD Radeon™ Vega 8,"8 Go, 1 x 8 Go, de mémoire DDR4, 2 400 MHz",Disque SSD M.2 PCIe NVMe de 512 Go,Processeur mobile AMD Ryzen™ 5 3450U avec carte graphique Radeon™ Vega 8,Windows 10 Famille 64 bits,"579,04 "
18,Nouveau Inspiron 15 3000,3.9,Processeur Intel® Core™ i3-1115G4 de 11e génération,Windows 10 Famille 64 bits,Carte graphique Intel® UHD avec mémoire graphique partagée,8 Go,Disque SSD M.2 PCIe NVMe de 512 Go,Processeur Intel® Core™ i3-1115G4 de 11e génération,Windows 10 Famille 64 bits,"609,04 "
19,Nouveau Inspiron 15 3000,4.0,Processeur mobile AMD Ryzen™ 5 3450U avec carte graphique Radeon™ Vega 8,Windows 10 Famille 64 bits,Carte graphique AMD Radeon™ Vega 8,"8 Go, 1 x 8 Go, de mémoire DDR4, 2 400 MHz",Disque SSD M.2 PCIe NVMe de 512 Go,Processeur mobile AMD Ryzen™ 5 3450U avec carte graphique Radeon™ Vega 8,Windows 10 Famille 64 bits,"599,04 "
20,Nouveau Inspiron 15 3000,4.0,Processeur mobile AMD Ryzen™ 3 3250U avec carte graphique Radeon™,Windows 10 Famille (mode S) 64 bits,Carte graphique AMD Radeon™ avec mémoire graphique partagée,"8 Go, 1 x 8 Go, de mémoire DDR4, 2 400 MHz",Disque SSD M.2 PCIe NVMe de 256 Go,Processeur mobile AMD Ryzen™ 3 3250U avec carte graphique Radeon™,Windows 10 Famille (mode S) 64 bits,"509,04 "
21,Nouveau Inspiron 15 3000,3.9,Processeur Intel® Core™ i5-1135G7 de 11e génération,Windows 10 Famille 64 bits,Intel® UHD Graphics with shared graphics memory,8 Go,Disque SSD M.2 PCIe NVMe de 256 Go,Processeur Intel® Core™ i5-1135G7 de 11e génération,Windows 10 Famille 64 bits,"649,04 "
22,Nouveau Inspiron 15 3000,3.9,Processeur Intel® Core™ i5-1135G7 de 11e génération,Windows 11 Famille,Intel® UHD Graphics with shared graphics memory,8 Go,"Disque SSD M.2 PCIe NVMe de 256 Go (démarrage) + disque dur SATA 2,5"" de 1 To à 5 400 tr/min (stockage)",Processeur Intel® Core™ i5-1135G7 de 11e génération,Windows 11 Famille,"699,04 "
23,Nouveau Inspiron 15 3000,3.9,Processeur Intel® Core™ i3-1115G4 de 11e génération,Windows 10 Famille 64 bits,Carte graphique Intel® UHD avec mémoire graphique partagée,8 Go,Disque SSD M.2 PCIe NVMe de 256 Go,Processeur Intel® Core™ i3-1115G4 de 11e génération,Windows 10 Famille 64 bits,"549,04 "
24,Nouveau Inspiron 15 3000,4.0,Processeur mobile AMD Ryzen™ 7 3700U avec carte graphique Radeon™ Vega 10,Windows 11 Famille,Carte graphique AMD Radeon™ RX Vega 10,"8 Go, 1 x 8 Go, de mémoire DDR4, 2 400 MHz",Disque SSD M.2 PCIe NVMe de 512 Go,Processeur mobile AMD Ryzen™ 7 3700U avec carte graphique Radeon™ Vega 10,Windows 11 Famille,"699,04 "
25,Nouveau Inspiron 15 3000,3.9,Processeur Intel® Core™ i5-1135G7 de 11e génération,Windows 11 Famille,Intel® UHD Graphics with shared graphics memory,8 Go,Disque SSD M.2 PCIe NVMe de 512 Go,Processeur Intel® Core™ i5-1135G7 de 11e génération,Windows 11 Famille,"689,04 "
26,Nouveau Inspiron 15 3000,4.0,Processeur mobile AMD Ryzen™ 5 3450U avec carte graphique Radeon™ Vega 8,Windows 10 Famille 64 bits,Carte graphique AMD Radeon™ Vega 8,"8 Go, 1 x 8 Go, de mémoire DDR4, 2 400 MHz",Disque SSD M.2 PCIe NVMe de 256 Go,Processeur mobile AMD Ryzen™ 5 3450U avec carte graphique Radeon™ Vega 8,Windows 10 Famille 64 bits,"519,04 "
27,XPS 15,4.2,Processeur Intel® Core™ i5-9300H de 9e génération,Windows 10 Professionnel 64 bits,Carte graphique Intel UHD 630 avec mémoire graphique partagée,"8 Go de mémoire, 2 x 4 Go, DDR4 à 2 666 MHz",Disque SSD M.2 PCIe NVMe de 512 Go,Processeur Intel® Core™ i5-9300H de 9e génération,Windows 10 Professionnel 64 bits,"1 049,04 "
28,Nouveau Inspiron 14 2-in-1,4.7,Processeur mobile AMD Ryzen™ 5 5500U avec carte graphique Radeon™,Windows 10 Famille 64 bits,Carte graphique AMD Radeon™ avec mémoire graphique partagée,"8 GB, 2 x 4 GB, DDR4, 3200 MHz, dual-channel",Disque SSD M.2 PCIe NVMe de 256 Go,Processeur mobile AMD Ryzen™ 5 5500U avec carte graphique Radeon™,Windows 10 Famille 64 bits,"698,80 "
29,Nouveau Inspiron 14 2-en-1,4.7,Processeur mobile AMD Ryzen™ 5 5500U avec carte graphique Radeon™,Windows 11 Famille,Carte graphique AMD Radeon™ avec mémoire graphique partagée,"8 GB, 2 x 4 GB, DDR4, 3200 MHz, dual-channel",Disque SSD PCIe NVMe de 512 Go,Processeur mobile AMD Ryzen™ 5 5500U avec carte graphique Radeon™,Windows 11 Famille,"768,80 "
30,Nouveau XPS 13,4.0,Processeur Intel® Core™ i5-1135G7 de 11e génération,Windows 11 Famille,Carte graphique Intel® Iris Xe,8 Go de mémoire intégrée LPDDR4x à 4 267 MHz,Disque SSD M.2 PCIe NVMe de 256 Go,Processeur Intel® Core™ i5-1135G7 de 11e génération,Windows 11 Famille,
31,Nouveau XPS 13,4.0,Processeur Intel® Core™ i5-1135G7 de 11e génération,Windows 10 Famille 64 bits,Carte graphique Intel® Iris Xe,8 Go de mémoire intégrée LPDDR4x à 4 267 MHz,Disque SSD M.2 PCIe NVMe de 512 Go,Processeur Intel® Core™ i5-1135G7 de 11e génération,Windows 10 Famille 64 bits,"1 349,05 "
32,Inspiron 14 7000,4.0,Processeur Intel® Core™ i7-1165G7 de 11e génération,Windows 10 Famille 64 bits,Carte graphique Intel® Iris® Xe avec mémoire graphique partagée,8 Go de mémoire LPDDR4x intégrée à 4 267 MHz,Disque SSD M.2 PCIe NVMe de 512 Go,Processeur Intel® Core™ i7-1165G7 de 11e génération,Windows 10 Famille 64 bits,"849,04 "
33,Nouveau Inspiron 14,4.1,Processeur mobile AMD Ryzen™ 7 5700U 8 coeurs/16 threads avec carte graphique Radeon™,Windows 10 Famille 64 bits,Carte graphique AMD Radeon™ avec mémoire graphique partagée,"8 Go, 1 x 8 Go de mémoire, DDR4 à 3 200 MHz",Disque SSD M.2 PCIe NVMe de 512 Go,Processeur mobile AMD Ryzen™ 7 5700U 8 coeurs/16 threads avec carte graphique Radeon™,Windows 10 Famille 64 bits,"799,03 "
34,Inspiron 14 7000,4.0,Processeur Intel® Core™ i5-1135G7 de 11e génération,Windows 10 Famille 64 bits,Carte graphique Intel® Iris® Xe avec mémoire graphique partagée,8 Go de mémoire LPDDR4x intégrée à 4 267 MHz,Disque SSD M.2 PCIe NVMe de 256 Go,Processeur Intel® Core™ i5-1135G7 de 11e génération,Windows 10 Famille 64 bits,"749,04 "
35,Inspiron 14,4.2,Processeur mobile AMD Ryzen™ 7 4700U avec carte graphique Radeon™,Windows 10 Famille 64 bits,Carte graphique AMD Radeon™ avec mémoire graphique partagée,"8 Go, 1 x 8 Go de mémoire, DDR4 à 3 200 MHz",Disque SSD M.2 PCIe NVMe de 512 Go,Processeur mobile AMD Ryzen™ 7 4700U avec carte graphique Radeon™,Windows 10 Famille 64 bits,"649,03 "
36,Inspiron 14,4.2,Processeur mobile AMD Ryzen™ 5 4500U avec carte graphique Radeon™,Windows 10 Famille 64 bits,Carte graphique AMD Radeon™ avec mémoire graphique partagée,"8 Go, 1 x 8 Go de mémoire, DDR4 à 3 200 MHz",Disque SSD M.2 PCIe NVMe de 512 Go,Processeur mobile AMD Ryzen™ 5 4500U avec carte graphique Radeon™,Windows 10 Famille 64 bits,
37,Nouveau Inspiron 14,4.1,Processeur mobile AMD Ryzen™ 5 5500U 6 coeurs/12 threads avec carte graphique Radeon™,Windows 10 Famille 64 bits,Carte graphique AMD Radeon™ avec mémoire graphique partagée,"8 Go, 1 x 8 Go de mémoire, DDR4 à 3 200 MHz",Disque SSD M.2 PCIe NVMe de 512 Go,Processeur mobile AMD Ryzen™ 5 5500U 6 coeurs/12 threads avec carte graphique Radeon™,Windows 10 Famille 64 bits,"649,03 "
38,Nouveau Inspiron 15,4.6,Processeur mobile AMD Ryzen™ 5 5500U 6 coeurs/12 threads avec carte graphique Radeon™,Windows 10 Famille 64 bits,Carte graphique AMD Radeon™ avec mémoire graphique partagée,"8 Go, 1 x 8 Go de mémoire, DDR4 à 3 200 MHz",Disque SSD M.2 PCIe NVMe de 512 Go,Processeur mobile AMD Ryzen™ 5 5500U 6 coeurs/12 threads avec carte graphique Radeon™,Windows 10 Famille 64 bits,"659,04 "
39,Nouveau Inspiron 14,4.1,Processeur mobile AMD Ryzen™ 5 5500U 6 coeurs/12 threads avec carte graphique Radeon™,Windows 10 Famille 64 bits,Carte graphique AMD Radeon™ avec mémoire graphique partagée,"8 Go, 1 x 8 Go de mémoire, DDR4 à 3 200 MHz",Disque SSD M.2 PCIe NVMe de 256 Go,Processeur mobile AMD Ryzen™ 5 5500U 6 coeurs/12 threads avec carte graphique Radeon™,Windows 10 Famille 64 bits,"629,04 "
40,Nouveau Inspiron 15,4.6,Processeur mobile AMD Ryzen™ 7 5700U 8 coeurs/16 threads avec carte graphique Radeon™,Windows 10 Famille 64 bits,Carte graphique AMD Radeon™ avec mémoire graphique partagée,"8 Go, 1 x 8 Go de mémoire, DDR4 à 3 200 MHz",Disque SSD M.2 PCIe NVMe de 512 Go,Processeur mobile AMD Ryzen™ 7 5700U 8 coeurs/16 threads avec carte graphique Radeon™,Windows 10 Famille 64 bits,"809,04 "
41,Nouveau Inspiron 14,4.2,Processeur Intel® Core™ i5-11320H de 11e génération,Windows 11 Famille,Carte graphique Intel® Iris® Xe avec mémoire graphique partagée,"8 Go, 1 x 8 Go de mémoire, DDR4 à 3 200 MHz",Disque SSD M.2 PCIe NVMe de 256 Go,Processeur Intel® Core™ i5-11320H de 11e génération,Windows 11 Famille,"699,04 "
42,Nouveau Inspiron 14,4.2,Processeur Intel® Core™ i5-11320H de 11e génération,Windows 11 Famille,Carte graphique Intel® Iris® Xe avec mémoire graphique partagée,"8 Go, 2 x 4 Go, de mémoire DDR4, 3 200 MHz",Disque SSD M.2 PCIe NVMe de 512 Go,Processeur Intel® Core™ i5-11320H de 11e génération,Windows 11 Famille,"779,04 "
43,Nouveau Inspiron 14,4.2,Processeur Intel® Core™ i5-11300H de 11e génération,Windows 10 Famille 64 bits,Carte graphique Intel® Iris® Xe avec mémoire graphique partagée,"8 Go, 1 x 8 Go de mémoire, DDR4 à 3 200 MHz",Disque SSD M.2 PCIe NVMe de 256 Go,Processeur Intel® Core™ i5-11300H de 11e génération,Windows 10 Famille 64 bits,
44,Nouveau Inspiron 14,4.2,11th Generation Intel® Core™ i7-11390H Processor,Windows 11 Famille,Carte graphique Intel® Iris® Xe avec mémoire graphique partagée,"8 Go, 2 x 4 Go, de mémoire DDR4, 3 200 MHz",Disque SSD M.2 PCIe NVMe de 512 Go,11th Generation Intel® Core™ i7-11390H Processor,Windows 11 Famille,"869,04 "
45,Nouveau Inspiron 15,4.3,11th Generation Intel® Core™ i7-11390H Processor,Windows 11 Famille,Carte graphique Intel® Iris® Xe avec mémoire graphique partagée,"8 Go, 2 x 4 Go, de mémoire DDR4, 3 200 MHz",Disque SSD M.2 PCIe NVMe de 512 Go,11th Generation Intel® Core™ i7-11390H Processor,Windows 11 Famille,"879,04 "
46,Nouveau Inspiron 14,4.2,Processeur Intel® Core™ i7-11370H de 11e génération,Windows 10 Famille 64 bits,Carte graphique Intel® Iris® Xe avec mémoire graphique partagée,"8 Go, 2 x 4 Go, de mémoire DDR4, 3 200 MHz",Disque SSD M.2 PCIe NVMe de 512 Go,Processeur Intel® Core™ i7-11370H de 11e génération,Windows 10 Famille 64 bits,
47,Nouveau Inspiron 14,4.2,Processeur Intel® Core™ i5-11300H de 11e génération,Windows 10 Famille 64 bits,Carte graphique Intel® Iris® Xe avec mémoire graphique partagée,"8 Go, 2 x 4 Go, de mémoire DDR4, 3 200 MHz",Disque SSD M.2 PCIe NVMe de 512 Go,Processeur Intel® Core™ i5-11300H de 11e génération,Windows 10 Famille 64 bits,
48,Nouveau Inspiron 15,4.3,11th Generation Intel® Core™ i5-11320H Processor,Windows 11 Famille,Carte graphique Intel® Iris® Xe avec mémoire graphique partagée,"8 Go, 2 x 4 Go, de mémoire DDR4, 3 200 MHz",Disque SSD M.2 PCIe NVMe de 512 Go,11th Generation Intel® Core™ i5-11320H Processor,Windows 11 Famille,"779,04 "
49,Nouveau Inspiron 15 plus,3.9,Processeur Intel® Core™ i5-11400H de 11e génération,Windows 10 Famille 64 bits,Carte graphique NVIDIA® GeForce RTX™ 3050 avec 4 Go de mémoire GDDR6,"8 Go, 1 x 8 Go de mémoire, DDR4 à 3 200 MHz",Disque SSD M.2 PCIe NVMe de 512 Go,Processeur Intel® Core™ i5-11400H de 11e génération,Windows 10 Famille 64 bits,"1 049,18 "
50,Nouveau Inspiron 15,4.3,11th Generation Intel® Core™ i5-11320H Processor,Windows 11 Famille,Carte graphique Intel® Iris® Xe avec mémoire graphique partagée,"8 Go, 2 x 4 Go, de mémoire DDR4, 3 200 MHz",Disque SSD M.2 PCIe NVMe de 256 Go,11th Generation Intel® Core™ i5-11320H Processor,Windows 11 Famille,
51,Nouveau Inspiron 16 plus,4.1,Processeur Intel® Core™ i5-11400H de 11e génération,Windows 11 Famille,Carte graphique Intel® UHD,"8 Go, 2 x 4 Go de mémoire DDR4 à 3 200 MHz",Disque SSD M.2 PCIe NVMe de 512 Go,Processeur Intel® Core™ i5-11400H de 11e génération,Windows 11 Famille,"949,18 "
52,Nouveau Inspiron 15 plus,3.9,Processeur Intel® Core™ i5-11400H de 11e génération,Windows 11 Famille,Carte graphique NVIDIA® GeForce GTX® 1650 avec 4 Go de mémoire GDDR6,"8 Go, 1 x 8 Go de mémoire, DDR4 à 3 200 MHz",Disque SSD M.2 PCIe NVMe de 512 Go,Processeur Intel® Core™ i5-11400H de 11e génération,Windows 11 Famille,"999,18 "
53,Nouveau XPS 15,4.0,Processeur Intel® Core™ i5-10300H de 10e génération,Windows 10 Famille 64 bits,Carte graphique Intel® UHD,"8Go DDR4-2933MHz, 2x4Go",Disque SSD M.2 PCIe NVMe de 512 Go,Processeur Intel® Core™ i5-10300H de 10e génération,Windows 10 Famille 64 bits,"1 299,10 "
54,Nouveau XPS 13,4.4,Processeur Intel® Core™ i5-1135G7 de 11e génération,Windows 10 Famille 64 bits,Carte graphique Intel® Iris Xe,8 Go de mémoire intégrée LPDDR4x à 4 267 MHz,Disque SSD M.2 PCIe NVMe de 512 Go,Processeur Intel® Core™ i5-1135G7 de 11e génération,Windows 10 Famille 64 bits,"999,08 "
55,Nouveau XPS 13,4.4,Processeur Intel® Core™ i5-1135G7 de 11e génération,Windows 11 Famille,Carte graphique Intel® Iris Xe,8 Go de mémoire intégrée LPDDR4x à 4 267 MHz,Disque SSD M.2 PCIe NVMe de 256 Go,Processeur Intel® Core™ i5-1135G7 de 11e génération,Windows 11 Famille,"949,09 "
56,Inspiron 17 2-en-1,4.3,Processeur Intel® Core™ i5-1135G7 de 11e génération,Windows 10 Famille 64 bits,Carte graphique Intel® Iris® Xe avec mémoire graphique partagée,"8 Go, 2 x 4 Go, de mémoire DDR4, 3 200 MHz",Disque SSD M.2 PCIe NVMe de 512 Go,Processeur Intel® Core™ i5-1135G7 de 11e génération,Windows 10 Famille 64 bits,"1 049,04 "
57,Nouveau Inspiron 13,3.1,Processeur Intel® Core™ i5-11300H de 11e génération,Windows 10 Famille 64 bits,Carte graphique Intel® Iris® Xe avec mémoire graphique partagée,8 Go de mémoire LPDDR4x intégrée à 4 267 MHz,Disque SSD M.2 PCIe NVMe de 256 Go,Processeur Intel® Core™ i5-11300H de 11e génération,Windows 10 Famille 64 bits,"729,04 "
58,Nouveau Inspiron 13,3.1,Processeur Intel® Core™ i7-11370H de 11e génération,Windows 10 Famille 64 bits,Carte graphique Intel® Iris® Xe avec mémoire graphique partagée,8 Go de mémoire LPDDR4x intégrée à 4 267 MHz,Disque SSD M.2 PCIe NVMe de 512 Go,Processeur Intel® Core™ i7-11370H de 11e génération,Windows 10 Famille 64 bits,"899,04 "
59,Nouveau Inspiron 13,3.1,Processeur Intel® Core™ i5-11300H de 11e génération,Windows 10 Famille 64 bits,Carte graphique Intel® Iris® Xe avec mémoire graphique partagée,8 Go de mémoire LPDDR4x intégrée à 4 267 MHz,Disque SSD M.2 PCIe NVMe de 512 Go,Processeur Intel® Core™ i5-11300H de 11e génération,Windows 10 Famille 64 bits,"799,03 "
60,Nouveau Inspiron 13,3.1,Processeur Intel® Core™ i3-1125G4 de 11e génération,Windows 10 Famille 64 bits,Carte graphique Intel® UHD avec mémoire graphique partagée,8 Go de mémoire LPDDR4x intégrée à 4 267 MHz,Disque SSD M.2 PCIe NVMe de 256 Go,Processeur Intel® Core™ i3-1125G4 de 11e génération,Windows 10 Famille 64 bits,"629,04 "
61,Nouveau Inspiron 14 2-in-1,4.2,Processeur Intel® Core™ i7-1165G7 de 11e génération,Windows 10 Famille 64 bits,Carte graphique Intel® Iris® Xe avec mémoire graphique partagée,"8 Go, 2 x 4 Go de mémoire DDR4 à 3 200 MHz",Disque SSD M.2 PCIe NVMe de 512 Go,Processeur Intel® Core™ i7-1165G7 de 11e génération,Windows 10 Famille 64 bits,"879,05 "
62,Nouveau Inspiron 14 2-in-1,4.2,Processeur Intel® Core™ i5-1135G7 de 11e génération,Windows 10 Famille 64 bits,Carte graphique Intel® Iris® Xe avec mémoire graphique partagée,"8 Go, 2 x 4 Go de mémoire DDR4 à 3 200 MHz",Disque SSD M.2 PCIe NVMe de 512 Go,Processeur Intel® Core™ i5-1135G7 de 11e génération,Windows 10 Famille 64 bits,"849,04 "
63,Nouveau Inspiron 14 2-en-1,4.2,Processeur Intel® Core™ i3-1125G4 de 11e génération,Windows 11 Famille (mode S),Carte graphique Intel® UHD avec mémoire graphique partagée,"8 Go, 1 x 8 Go de mémoire, DDR4 à 3 200 MHz",Disque SSD M.2 PCIe NVMe de 256 Go,Processeur Intel® Core™ i3-1125G4 de 11e génération,Windows 11 Famille (mode S),"699,04 "
64,Inspiron 15 2-en-1,4.1,Processeur Intel® Core™ i5-1135G7 de 11e génération,Windows 10 Famille 64 bits,Carte graphique Intel® Iris® Xe avec mémoire graphique partagée,"8 Go, 2 x 4 Go, de mémoire DDR4, 3 200 MHz",Disque SSD M.2 PCIe NVMe de 256 Go,Processeur Intel® Core™ i5-1135G7 de 11e génération,Windows 10 Famille 64 bits,"879,05 "
65,Nouveau XPS 17 - Configurez votre PC,3.3,Processeur Intel® Core™ i5-11400H de 11e génération,Windows 11 Famille,Carte graphique Intel® UHD,"8 Go, 2 x 4 Go de mémoire DDR4 à 3 200 MHz",Disque SSD M.2 PCIe NVMe de 512 Go,Processeur Intel® Core™ i5-11400H de 11e génération,Windows 11 Famille,
66,Nouveau XPS 15 - Configurez votre PC,4.0,Processeur Intel® Core™ i5-11400H de 11e génération,Windows 11 Famille,Carte graphique Intel® UHD,"8 Go, 2 x 4 Go de mémoire DDR4 à 3 200 MHz",Disque SSD M.2 PCIe NVMe de 512 Go,Processeur Intel® Core™ i5-11400H de 11e génération,Windows 11 Famille,
67,Inspiron 15 2-in-1,4.1,Processeur Intel® Core™ i7-1165G7 de 11e génération,Windows 11 Famille,Carte graphique Intel® Iris® Xe MAX avec 4 Go de mémoire LPDDR4x,16 Go de mémoire LPDDR4x intégrée à 3 200 MHz,Disque SSD M.2 PCIe NVMe de 1 To,Processeur Intel® Core™ i7-1165G7 de 11e génération,Windows 11 Famille,"1 499,04 "
68,Inspiron 15 3000,4.4,Processeur Intel® Pentium® Silver N5030,Windows 10 Famille (mode S) 64 bits,Carte graphique Intel® UHD 605 avec mémoire graphique partagée,"4 Go, 1 x 4 Go, de mémoire DDR4, 2 400 MHz",Disque SSD M.2 PCIe NVMe de 128 Go,Processeur Intel® Pentium® Silver N5030,Windows 10 Famille (mode S) 64 bits,"359,04 "
69,Inspiron 15 3000,4.1,Processeur mobile AMD Athlon™ Silver 3050U avec carte graphique Radeon™,Windows 10 Famille 64 bits,Carte graphique AMD Radeon™ avec mémoire graphique partagée,"4 Go, 1 x 4 Go, de mémoire DDR4, 2 400 MHz",Disque SSD M.2 PCIe NVMe de 256 Go,Processeur mobile AMD Athlon™ Silver 3050U avec carte graphique Radeon™,Windows 10 Famille 64 bits,"429,04 "
70,Nouveau XPS 13 2-en1,4.0,Processeur Intel® Core™ i5-1135G7 de 11e génération,Windows 11 Famille,Carte graphique Intel® Iris Xe,8 Go de mémoire intégrée LPDDR4x à 4 267 MHz,Disque SSD M.2 PCIe NVMe x4 intégré de 256 Go,Processeur Intel® Core™ i5-1135G7 de 11e génération,Windows 11 Famille,"1 349,05 "
71,Nouveau Inspiron 15 3000,3.9,Processeur Intel® Pentium® Silver N5030,Windows 10 Famille (mode S) 64 bits,Carte graphique Intel® UHD 605 avec mémoire graphique partagée,"4 Go, 1 x 4 Go, de mémoire DDR4, 2 400 MHz",Disque SSD M.2 PCIe NVMe de 128 Go,Processeur Intel® Pentium® Silver N5030,Windows 10 Famille (mode S) 64 bits,"409,03 "
72,Nouveau Inspiron 15 3000,3.9,Processeur Intel® Celeron® N4020,Windows 10 Famille (mode S) 64 bits,Carte graphique Intel® UHD 600 avec mémoire graphique partagée,"4 Go, 1 x 4 Go, de mémoire DDR4, 2 400 MHz",Disque SSD M.2 PCIe NVMe de 128 Go,Processeur Intel® Celeron® N4020,Windows 10 Famille (mode S) 64 bits,"379,03 "
73,Nouveau Inspiron 15 3000,3.9,Processeur Intel® Core™ i3-1115G4 de 11e génération,Windows 11 Famille (mode S),Carte graphique Intel® UHD avec mémoire graphique partagée,"4 Go, 1 x 4 Go de mémoire, DDR4 à 2 666 MHz",Disque SSD M.2 PCIe NVMe de 256 Go,Processeur Intel® Core™ i3-1115G4 de 11e génération,Windows 11 Famille (mode S),"519,04 "
74,Nouveau Inspiron 15 3000,3.9,Processeur Intel® Core™ i7-1165G7 de 11e génération,Windows 11 Famille,Carte graphique Intel® Iris® Xe avec mémoire graphique partagée,"16 Go, 2 x 8 Go, DDR4, 2 666 MHz",Disque SSD M.2 PCIe NVMe de 512 Go,Processeur Intel® Core™ i7-1165G7 de 11e génération,Windows 11 Famille,"839,04 "
75,Nouveau Inspiron 15 3000,4.0,Processeur mobile AMD Athlon™ Silver 3050U avec carte graphique Radeon™,Windows 11 Famille,Carte graphique AMD Radeon™ avec mémoire graphique partagée,"4 Go, 1 x 4 Go, de mémoire DDR4, 2 400 MHz",Disque SSD M.2 PCIe NVMe de 256 Go,Processeur mobile AMD Athlon™ Silver 3050U avec carte graphique Radeon™,Windows 11 Famille,
76,Nouveau XPS 13,4.0,Processeur Intel® Core™ i7-1185G7 de 11e génération,Windows 10 Famille 64 bits,Carte graphique Intel® Iris Xe,16 Go de mémoire intégrée LPDDR4x à 4 267 MHz,Disque SSD M.2 PCIe NVMe de 1 To,Processeur Intel® Core™ i7-1185G7 de 11e génération,Windows 10 Famille 64 bits,"1 599,06 "
77,Nouveau XPS 13,4.0,Processeur Intel® Core™ i7-1185G7 de 11e génération,Windows 10 Famille 64 bits,Carte graphique Intel® Iris Xe,16 Go de mémoire intégrée LPDDR4x à 4 267 MHz,Disque SSD M.2 PCIe NVMe de 512 Go,Processeur Intel® Core™ i7-1185G7 de 11e génération,Windows 10 Famille 64 bits,"1 699,06 "
78,Nouveau XPS 13,4.0,Processeur Intel® Core™ i7-1185G7 de 11e génération,Windows 10 Famille 64 bits,Carte graphique Intel® Iris Xe,16 Go de mémoire intégrée LPDDR4x à 4 267 MHz,Disque SSD M.2 PCIe NVMe de 512 Go,Processeur Intel® Core™ i7-1185G7 de 11e génération,Windows 10 Famille 64 bits,"1 499,05 "
79,Nouveau Alienware X17,3.0,Processeur Intel® Core™ i7-11800H de 11 génération,Windows 11 Famille,Carte graphique NVIDIA® GeForce RTX™ 3080 avec 16 Go de mémoire GDDR6,16GB DDR4 3200MHz,Disque SSD M.2 PCIe NVMe de 512 Go,Processeur Intel® Core™ i7-11800H de 11 génération,Windows 11 Famille,
80,Nouveau Alienware X17,3.0,Processeur Intel® Core™ i7-11800H de 11 génération,Windows 11 Famille,Carte graphique NVIDIA® GeForce RTX™ 3070 avec 8 Go de mémoire GDDR6,16GB DDR4 3200MHz,Disque SSD M.2 PCIe NVMe de 512 Go,Processeur Intel® Core™ i7-11800H de 11 génération,Windows 11 Famille,
81,Inspiron 14-7400,4.0,Processeur Intel® Core™ i7 11e génération,Windows 10 Famille,Carte graphique NVIDIA®    GeForce® MX350,Mémoire 16 Go,Disque SSD 512 Go,Processeur Intel® Core™ i7 11e génération,Windows 10 Famille,"949,03 "
82,Alienware m15 R4 Gaming Laptop,4.1,Processeur Intel® Core™ i7-10870H de 10e génération,Windows 11 Famille,Carte graphique NVIDIA® GeForce RTX™ 3060 avec 6 Go de mémoire GDDR6,16 Go de mémoire DDR4 à 2 933 MHz,Disque SSD PCIe M.2 de 512 Go,Processeur Intel® Core™ i7-10870H de 10e génération,Windows 11 Famille,
83,Nouveau Inspiron 15,4.6,Processeur mobile AMD Ryzen™ 7 5700U 8 coeurs/16 threads avec carte graphique Radeon™,Windows 10 Famille 64 bits,Carte graphique AMD Radeon™ avec mémoire graphique partagée,"16 Go, 2 x 8 Go, de mémoire DDR4, 3 200 MHz",Disque SSD M.2 PCIe NVMe de 512 Go,Processeur mobile AMD Ryzen™ 7 5700U 8 coeurs/16 threads avec carte graphique Radeon™,Windows 10 Famille 64 bits,"849,04 "
84,Nouveau Alienware X17,3.0,Processeur Intel® Core™ i9-11980HK de 11 génération,Windows 11 Famille,Carte graphique NVIDIA® GeForce RTX™ 3080 avec 16 Go de mémoire GDDR6,32 Go de mémoire DDR4 XMP bicanale à 3 466 MHz,Disque SSD M.2 PCIe NVMe de 1 To,Processeur Intel® Core™ i9-11980HK de 11 génération,Windows 11 Famille,
85,Nouveau Alienware X17,3.0,Processeur Intel® Core™ i7-11800H de 11 génération,Windows 11 Famille,Carte graphique NVIDIA® GeForce RTX™ 3070 avec 8 Go de mémoire GDDR6,32 Go de mémoire DDR4 XMP bicanale à 3 466 MHz,Disque SSD M.2 PCIe NVMe de 1 To,Processeur Intel® Core™ i7-11800H de 11 génération,Windows 11 Famille,
86,Nouveau Alienware X17,3.0,Processeur Intel® Core™ i9-11980HK de 11 génération,Windows 11 Famille,Carte graphique NVIDIA® GeForce RTX™ 3080 avec 16 Go de mémoire GDDR6,"32 Go, 2 x 16 Go, de mémoire DDR4, 3 200 MHz",Disque SSD M.2 PCIe NVMe de 512 Go,Processeur Intel® Core™ i9-11980HK de 11 génération,Windows 11 Famille,
87,Nouveau Alienware X17,3.0,Processeur Intel® Core™ i7-11800H de 11 génération,Windows 11 Famille,Carte graphique NVIDIA® GeForce RTX™ 3080 avec 16 Go de mémoire GDDR6,32 Go de mémoire DDR4 XMP bicanale à 3 466 MHz,Disque SSD M.2 PCIe NVMe de 1 To,Processeur Intel® Core™ i7-11800H de 11 génération,Windows 11 Famille,
88,Nouveau Inspiron 15,4.6,Processeur mobile AMD Ryzen™ 7 5700U 8 coeurs/16 threads avec carte graphique Radeon™,Windows 10 Famille 64 bits,Carte graphique AMD Radeon™ avec mémoire graphique partagée,"16 Go, 2 x 8 Go, de mémoire DDR4, 3 200 MHz",Disque SSD M.2 PCIe NVMe de 512 Go,Processeur mobile AMD Ryzen™ 7 5700U 8 coeurs/16 threads avec carte graphique Radeon™,Windows 10 Famille 64 bits,"849,04 "
89,Nouveau XPS 17,4.0,Processeur Intel® Core™ i7-10750H de 10e génération,Windows 11 Famille,Carte graphique NVIDIA® GeForce® GTX 1650 Ti avec 4 Go de mémoire GDDR6,"16Go DDR4-2933MHz, 2x8Go",Disque SSD M.2 PCIe NVMe de 512 Go,Processeur Intel® Core™ i7-10750H de 10e génération,Windows 11 Famille,"1 999,24 "
90,Nouveau XPS 17,4.0,Processeur Intel® Core™ i7-10750H de 10e génération,Windows 11 Famille,Carte graphique NVIDIA® GeForce® GTX 1650 Ti avec 4 Go de mémoire GDDR6,"16Go DDR4-2933MHz, 2x8Go",Disque SSD M.2 PCIe NVMe de 1 To,Processeur Intel® Core™ i7-10750H de 10e génération,Windows 11 Famille,"2 099,22 "
91,Nouveau XPS 17,4.0,Processeur Intel® Core™ i7-10875H de 10e génération,Windows 11 Famille,Carte NVIDIA® GeForce RTX™ 2060 avec 6 Go de mémoire GDDR6 et technologie Max-Q,"16Go DDR4-2933MHz, 2x8Go",Disque SSD M.2 PCIe NVMe de 512 Go,Processeur Intel® Core™ i7-10875H de 10e génération,Windows 11 Famille,"2 149,22 "
92,Alienware m15 R4 Gaming Laptop,4.1,Processeur Intel® Core™ i9-10980HK de 10e génération,Windows 11 Famille,Carte graphique NVIDIA® GeForce RTX™ 3070 avec 8 Go de mémoire GDDR6,32 Go de mémoire DDR4 à 2 933 MHz,Configuration RAID0 1 To (2 disques SSD PCIe M.2 de 512 Go),Processeur Intel® Core™ i9-10980HK de 10e génération,Windows 11 Famille,
93,Alienware m15 R4 Gaming Laptop,4.1,Processeur Intel® Core™ i9-10980HK de 10e génération,Windows 11 Famille,Carte graphique NVIDIA® GeForce RTX™ 3080 avec 8 Go de mémoire GDDR6,32 Go de mémoire DDR4 à 2 933 MHz,Configuration RAID0 1 To (2 disques SSD PCIe M.2 de 512 Go),Processeur Intel® Core™ i9-10980HK de 10e génération,Windows 11 Famille,
94,Alienware m15 R4 Gaming Laptop,4.1,Processeur Intel® Core™ i9-10980HK de 10e génération,Windows 11 Famille,Carte graphique NVIDIA® GeForce RTX™ 3080 avec 8 Go de mémoire GDDR6,32 Go de mémoire DDR4 à 2 933 MHz,Configuration RAID0 4 To (2 disques SSD PCIe M.2 de 2 To) [Démarrage] + Disque SSD PCIe M.2 512 Go [Stockage],Processeur Intel® Core™ i9-10980HK de 10e génération,Windows 11 Famille,
95,Nouveau Inspiron 14,4.2,11th Generation Intel® Core™ i7-11390H Processor,Windows 11 Famille,Carte graphique Intel® Iris® Xe avec mémoire graphique partagée,"16 Go, 2 x 8 Go, de mémoire DDR4, 3 200 MHz",1TB M.2 PCIe NVMe Solid State Drive,11th Generation Intel® Core™ i7-11390H Processor,Windows 11 Famille,"999,04 "
96,Nouveau Inspiron 14,4.2,11th Generation Intel® Core™ i7-11390H Processor,Windows 11 Famille,Carte graphique Intel® Iris® Xe avec mémoire graphique partagée,"16 Go, 2 x 8 Go, de mémoire DDR4, 3 200 MHz",Disque SSD M.2 PCIe NVMe de 512 Go,11th Generation Intel® Core™ i7-11390H Processor,Windows 11 Famille,"929,04 "
97,Dell G5 AMD 15 Gaming Laptop,4.3,Processeur mobile AMD Ryzen™ 5 4600H avec carte graphique Radeon™,Windows 11 Famille,Carte graphique AMD Radeon™ RX 5600 avec 6 Go de mémoire GDDR6,"8 Go, 2x4 Go, DDR4, 3 200 MHz",Disque SSD M.2 PCIe NVMe de 512 Go,Processeur mobile AMD Ryzen™ 5 4600H avec carte graphique Radeon™,Windows 11 Famille,"949,18 "
98,Dell G5 AMD 15 Gaming Laptop,4.3,Processeur mobile AMD Ryzen™ 7 4800H avec carte graphique Radeon™,Windows 11 Famille,Carte graphique AMD Radeon™ RX 5600 avec 6 Go de mémoire GDDR6,"16 Go, 2 x 8 Go, de mémoire DDR4, 3 200 MHz",Disque SSD M.2 PCIe NVMe de 1 To,Processeur mobile AMD Ryzen™ 7 4800H avec carte graphique Radeon™,Windows 11 Famille,"1 199,18 "
99,Nouveau Dell G5 15 (AMD®),4.3,Processeur mobile AMD Ryzen™ 7 4800H avec carte graphique Radeon™,Windows 11 Famille,Carte graphique AMD Radeon™ RX 5600 avec 6 Go de mémoire GDDR6,"16 Go, 2 x 8 Go, de mémoire DDR4, 3 200 MHz",Disque SSD M.2 PCIe NVMe de 512 Go,Processeur mobile AMD Ryzen™ 7 4800H avec carte graphique Radeon™,Windows 11 Famille,"1 149,18 "
100,Inspiron 13 2-in-1,4.3,Processeur Intel® Core™ i5-1135G7 de 11e génération,Windows 11 Famille,Carte graphique Intel® Iris® Xe avec mémoire graphique partagée,8 Go de mémoire LPDDR4x intégrée à 4 267 MHz,Disque SSD M.2 PCIe NVMe de 512 Go,Processeur Intel® Core™ i5-1135G7 de 11e génération,Windows 11 Famille,"999,04 "
101,Nouveau Alienware X15,4.4,Processeur Intel® Core™ i9-11900H de 11 génération,Windows 11 Famille,Carte graphique NVIDIA® GeForce RTX™ 3070 avec 8 Go de mémoire GDDR6,32 Go de mémoire DDR4 à 3 200 MHz,Disque SSD M.2 PCIe NVMe de 512 Go,Processeur Intel® Core™ i9-11900H de 11 génération,Windows 11 Famille,
102,Nouveau Inspiron 16 plus,4.1,Processeur Intel® Core™ i7-11800H de 11e génération,Windows 11 Famille,Carte graphique NVIDIA® GeForce RTX™ 3060 avec 6 Go de mémoire GDDR6,"32 Go, 2 x 16 Go, de mémoire DDR4, 3 200 MHz",Disque SSD M.2 PCIe NVMe de 1 To,Processeur Intel® Core™ i7-11800H de 11e génération,Windows 11 Famille,"1 699,19 "
103,Nouveau Inspiron 15 plus,3.9,Processeur Intel® Core™ i7-11800H de 11e génération,Windows 10 Famille 64 bits,Carte graphique NVIDIA® GeForce RTX™ 3050 avec 4 Go de mémoire GDDR6,"16 Go, 2 x 8 Go, de mémoire DDR4, 3 200 MHz",Disque SSD M.2 PCIe NVMe de 512 Go,Processeur Intel® Core™ i7-11800H de 11e génération,Windows 10 Famille 64 bits,"1 199,18 "
104,Nouveau Inspiron 16 plus,4.1,Processeur Intel® Core™ i7-11800H de 11e génération,Windows 11 Famille,Carte graphique NVIDIA® GeForce RTX™ 3060 avec 6 Go de mémoire GDDR6,"16 Go, 2 x 8 Go, de mémoire DDR4, 3 200 MHz",Disque SSD M.2 PCIe NVMe de 1 To,Processeur Intel® Core™ i7-11800H de 11e génération,Windows 11 Famille,"1 499,18 "
105,Nouveau Inspiron 15,4.3,11th Generation Intel® Core™ i7-11390H Processor,Windows 11 Famille,Carte graphique Intel® Iris® Xe avec mémoire graphique partagée,"16 Go, 2 x 8 Go, de mémoire DDR4, 3 200 MHz",Disque SSD M.2 PCIe NVMe de 512 Go,11th Generation Intel® Core™ i7-11390H Processor,Windows 11 Famille,"919,03 "
106,Nouveau Inspiron 16 plus,4.1,Processeur Intel® Core™ i7-11800H de 11e génération,Windows 11 Famille,Carte graphique Intel® UHD,"16 Go, 2 x 8 Go, de mémoire DDR4, 3 200 MHz",Disque SSD M.2 PCIe NVMe de 512 Go,Processeur Intel® Core™ i7-11800H de 11e génération,Windows 11 Famille,"1 129,19 "
107,Nouveau Inspiron 15,4.3,11th Generation Intel® Core™ i7-11390H Processor,Windows 11 Famille,Carte graphique Intel® Iris® Xe avec mémoire graphique partagée,"16 Go, 2 x 8 Go, de mémoire DDR4, 3 200 MHz",1TB M.2 PCIe NVMe Solid State Drive,11th Generation Intel® Core™ i7-11390H Processor,Windows 11 Famille,"999,04 "
108,Nouveau Inspiron 16 plus,4.1,Processeur Intel® Core™ i7-11800H de 11e génération,Windows 11 Famille,Carte graphique NVIDIA® GeForce RTX™ 3050 avec 4 Go de mémoire GDDR6,"16 Go, 2 x 8 Go, de mémoire DDR4, 3 200 MHz",Disque SSD M.2 PCIe NVMe de 512 Go,Processeur Intel® Core™ i7-11800H de 11e génération,Windows 11 Famille,"1 299,17 "
109,Nouveau Alienware X15,4.4,Processeur Intel® Core™ i7-11800H de 11 génération,Windows 11 Famille,Carte graphique NVIDIA® GeForce RTX™ 3070 avec 8 Go de mémoire GDDR6,16 Go de mémoire DDR4 à 3 200 MHz,Disque SSD M.2 PCIe NVMe de 512 Go,Processeur Intel® Core™ i7-11800H de 11 génération,Windows 11 Famille,
110,Nouveau Alienware X15,4.4,Processeur Intel® Core™ i9-11900H de 11 génération,Windows 11 Famille,Carte graphique NVIDIA® GeForce RTX™ 3070 avec 8 Go de mémoire GDDR6,32 Go de mémoire DDR4 à 3 200 MHz,Disque SSD M.2 PCIe NVMe de 1 To,Processeur Intel® Core™ i9-11900H de 11 génération,Windows 11 Famille,
111,Nouveau Alienware X15,4.4,Processeur Intel® Core™ i7-11800H de 11 génération,Windows 11 Famille,Carte graphique NVIDIA® GeForce RTX™ 3070 avec 8 Go de mémoire GDDR6,32 Go de mémoire DDR4 à 3 200 MHz,Disque SSD M.2 PCIe NVMe de 1 To,Processeur Intel® Core™ i7-11800H de 11 génération,Windows 11 Famille,
112,Nouveau Dell G3 15,4.2,Intel® Core™ i5-10300H de 10e génération,Windows 10 Famille 64 bits,Carte graphique NVIDIA® GeForce® GTX 1650 avec 4 Go de mémoire GDDR6,"8Go DDR4-2933MHz, 2x4Go",Disque SSD 256 Go,Intel® Core™ i5-10300H de 10e génération,Windows 10 Famille 64 bits,"749,18 "
113,Nouveau Dell G3 15,4.2,Processeur Intel® Core™ i7-10750H de 10e génération,Windows 10 Famille 64 bits,Carte NVIDIA® GeForce RTX™ 2060 avec 6 Go de mémoire GDDR6 (OC Ready),"16Go DDR4-2933MHz, 2x8Go",Disque SSD M.2 PCIe NVMe de 512 Go,Processeur Intel® Core™ i7-10750H de 10e génération,Windows 10 Famille 64 bits,"1 199,18 "
114,Nouveau Dell G3 15,4.2,Intel® Core™ i5-10300H de 10e génération,Windows 10 Famille 64 bits,Carte graphique NVIDIA® GeForce® GTX 1650 avec 4 Go de mémoire GDDR6,"8Go DDR4-2933MHz, 2x4Go",Disque SSD M.2 PCIe NVMe de 512 Go,Intel® Core™ i5-10300H de 10e génération,Windows 10 Famille 64 bits,"799,18 "
115,XPS 13 9305,4.4,Processeur Intel® Core™ i7-1165G7 de 11e génération,Windows 11 Famille,Carte graphique Intel® Iris Xe,16 Go de mémoire intégrée LPDDR4x à 4 267 MHz,"512 GB, M.2, PCIe NVMe, SSD",Processeur Intel® Core™ i7-1165G7 de 11e génération,Windows 11 Famille,"1 499,09 "
116,Nouveau Dell G3 15,4.2,Intel® Core™ i5-10300H de 10e génération,Windows 10 Famille 64 bits,Carte graphique NVIDIA® GeForce® GTX 1660 Ti avec 6 Go de mémoire GDDR6,"8Go DDR4-2933MHz, 2x4Go",Disque SSD M.2 PCIe NVMe de 1 To,Intel® Core™ i5-10300H de 10e génération,Windows 10 Famille 64 bits,"1 149,18 "
117,Nouveau Dell G3 15,4.2,Intel® Core™ i5-10300H de 10e génération,Windows 10 Famille 64 bits,Carte graphique NVIDIA® GeForce® GTX 1660 Ti avec 6 Go de mémoire GDDR6,"8Go DDR4-2933MHz, 2x4Go",Disque SSD M.2 PCIe NVMe de 512 Go,Intel® Core™ i5-10300H de 10e génération,Windows 10 Famille 64 bits,"999,18 "
118,Nouveau Inspiron 14 2-en-1,4.2,Processeur Intel® Core™ i7-1165G7 de 11e génération,Windows 10 Famille 64 bits,Carte graphique Intel® Iris® Xe avec mémoire graphique partagée,"16 Go, 2 x 8 Go, de mémoire DDR4, 3 200 MHz",Disque SSD M.2 PCIe NVMe de 512 Go,Processeur Intel® Core™ i7-1165G7 de 11e génération,Windows 10 Famille 64 bits,"999,04 "
119,Nouveau Inspiron 14 2-in-1,4.2,Processeur Intel® Core™ i7-1165G7 de 11e génération,Windows 10 Famille 64 bits,Carte graphique NVIDIA® GeForce® MX350 avec 2 Go de mémoire GDDR5,"16 Go, 2 x 8 Go, de mémoire DDR4, 3 200 MHz",Disque SSD M.2 PCIe NVMe de 512 Go,Processeur Intel® Core™ i7-1165G7 de 11e génération,Windows 10 Famille 64 bits,"1 049,04 "
120,Inspiron 15 2-en-1,4.1,Processeur Intel® Core™ i7-1165G7 de 11e génération,Windows 10 Famille 64 bits,Carte graphique Intel® Iris® Xe avec mémoire graphique partagée,"16 Go, 2 x 8 Go, de mémoire DDR4, 3 200 MHz",Disque SSD M.2 PCIe NVMe de 512 Go,Processeur Intel® Core™ i7-1165G7 de 11e génération,Windows 10 Famille 64 bits,"1 099,04 "
121,Nouveau Dell G3 15,4.2,Processeur Intel® Core™ i7-10750H de 10e génération,Windows 10 Famille 64 bits,Carte graphique NVIDIA® GeForce® GTX 1660 Ti avec 6 Go de mémoire GDDR6,"16Go DDR4-2933MHz, 2x8Go",Disque SSD M.2 PCIe NVMe de 512 Go,Processeur Intel® Core™ i7-10750H de 10e génération,Windows 10 Famille 64 bits,"1 149,18 "
122,Nouveau Dell G3 15,4.2,Processeur Intel® Core™ i7-10750H de 10e génération,Windows 10 Famille 64 bits,Carte NVIDIA® GeForce RTX™ 2060 avec 6 Go de mémoire GDDR6 (OC Ready),"16Go DDR4-2933MHz, 2x8Go",Disque SSD M.2 PCIe NVMe de 1 To,Processeur Intel® Core™ i7-10750H de 10e génération,Windows 10 Famille 64 bits,"1 299,18 "
123,Nouveau XPS 17 - Configurez votre PC,3.3,Processeur Intel® Core™ i7-11800H de 11e génération,Windows 11 Famille,Carte graphique NVIDIA® GeForce RTX™ 3060 avec 6 Go de mémoire GDDR6 [70 W],"16 Go, 2 x 8 Go, de mémoire DDR4, 3 200 MHz",Disque SSD M.2 PCIe NVMe de 1 To,Processeur Intel® Core™ i7-11800H de 11e génération,Windows 11 Famille,"2 799,22 "
124,Nouveau XPS 15 - Configurez votre PC,4.0,Processeur Intel® Core™ i7-11800H de 11e génération,Windows 11 Famille,Carte graphique NVIDIA® GeForce RTX™ 3050 Ti avec 4 Go de mémoire GDDR6 [45 W],"16 Go, 2 x 8 Go, de mémoire DDR4, 3 200 MHz",Disque SSD M.2 PCIe NVMe de 1 To,Processeur Intel® Core™ i7-11800H de 11e génération,Windows 11 Famille,
125,Nouveau XPS 17 - Configurez votre PC,3.3,Processeur Intel® Core™ i9-11900H de 11e génération,Windows 11 Famille,Carte graphique NVIDIA® GeForce RTX™ 3060 avec 6 Go de mémoire GDDR6 [70 W],32 Go,Disque SSD M.2 PCIe NVMe de 1 To,Processeur Intel® Core™ i9-11900H de 11e génération,Windows 11 Famille,"2 999,23 "
126,Nouveau XPS 15 - Configurez votre PC,4.0,Processeur Intel® Core™ i7-11800H de 11e génération,Windows 11 Famille,Carte graphique NVIDIA® GeForce RTX™ 3050 Ti avec 4 Go de mémoire GDDR6 [45 W],"16 Go, 2 x 8 Go, de mémoire DDR4, 3 200 MHz",Disque SSD M.2 PCIe NVMe de 512 Go,Processeur Intel® Core™ i7-11800H de 11e génération,Windows 11 Famille,"1 849,21 "
127,Nouveau XPS 17 - Configurez votre PC,3.3,Processeur Intel® Core™ i7-11800H de 11e génération,Windows 11 Famille,Carte graphique NVIDIA® GeForce RTX™ 3050 avec 4 Go de mémoire GDDR6 [60 W],"16 Go, 2 x 8 Go, de mémoire DDR4, 3 200 MHz",Disque SSD M.2 PCIe NVMe de 512 Go,Processeur Intel® Core™ i7-11800H de 11e génération,Windows 11 Famille,"2 099,22 "
128,Nouveau XPS 17 - Configurez votre PC,3.3,Processeur Intel® Core™ i7-11800H de 11e génération,Windows 11 Famille,Carte graphique NVIDIA® GeForce RTX™ 3050 avec 4 Go de mémoire GDDR6 [60 W],"16 Go, 2 x 8 Go, de mémoire DDR4, 3 200 MHz",Disque SSD M.2 PCIe NVMe de 1 To,Processeur Intel® Core™ i7-11800H de 11e génération,Windows 11 Famille,"2 299,22 "
129,Nouveau XPS 15,4.0,Processeur Intel® Core™ i7-11800H de 11e génération,Windows 10 Famille 64 bits,Carte graphique NVIDIA® GeForce RTX™ 3050 Ti avec 4 Go de mémoire GDDR6 [45 W],32 Go,Disque SSD M.2 PCIe NVMe de 1 To,Processeur Intel® Core™ i7-11800H de 11e génération,Windows 10 Famille 64 bits,"2 099,22 "
130,Nouveau XPS 15,4.0,Processeur Intel® Core™ i7-11800H de 11e génération,Windows 10 Famille 64 bits,Carte graphique NVIDIA® GeForce RTX™ 3050 Ti avec 4 Go de mémoire GDDR6 [45 W],"16 Go, 2 x 8 Go, de mémoire DDR4, 3 200 MHz",Disque SSD M.2 PCIe NVMe de 512 Go,Processeur Intel® Core™ i7-11800H de 11e génération,Windows 10 Famille 64 bits,"1 849,21 "
131,Nouveau XPS 15 - Configurez votre PC,4.0,Processeur Intel® Core™ i7-11800H de 11e génération,Windows 11 Famille,Carte graphique NVIDIA® GeForce RTX™ 3050 Ti avec 4 Go de mémoire GDDR6 [45 W],32 Go,Disque SSD M.2 PCIe NVMe de 1 To,Processeur Intel® Core™ i7-11800H de 11e génération,Windows 11 Famille,"2 299,22 "
132,Nouveau XPS 17 - Configurez votre PC,3.3,Processeur Intel® Core™ i7-11800H de 11e génération,Windows 11 Famille,Carte graphique NVIDIA® GeForce RTX™ 3050 avec 4 Go de mémoire GDDR6 [60 W],"16 Go, 2 x 8 Go, de mémoire DDR4, 3 200 MHz",Disque SSD M.2 PCIe NVMe de 512 Go,Processeur Intel® Core™ i7-11800H de 11e génération,Windows 11 Famille,"2 499,22 "
133,Nouveau Dell G15 Gaming (AMD),4.1,Processeur mobile AMD Ryzen™ 7 5800H 8 coeurs/16 threads,Windows 11 Famille,Carte graphique NVIDIA® GeForce RTX™ 3060 avec 6 Go de mémoire GDDR6,"16 Go, 2 x 8 Go, de mémoire DDR4, 3 200 MHz",Disque SSD M.2 PCIe NVMe de 1 To,Processeur mobile AMD Ryzen™ 7 5800H 8 coeurs/16 threads,Windows 11 Famille,"1 299,29 "
134,Nouveau Dell G15 Gaming (AMD),4.1,Processeur mobile AMD Ryzen™ 7 5800H 8 coeurs/16 threads,Windows 10 Famille 64 bits,Carte graphique NVIDIA® GeForce RTX™ 3060 avec 6 Go de mémoire GDDR6,"16 Go, 2 x 8 Go, de mémoire DDR4, 3 200 MHz",Disque SSD M.2 PCIe NVMe de 512 Go,Processeur mobile AMD Ryzen™ 7 5800H 8 coeurs/16 threads,Windows 10 Famille 64 bits,"1 249,30 "
135,Nouveau Dell G15 Gaming (AMD),4.1,Processeur mobile AMD Ryzen™ 5 5600H 6 coeurs/12 threads,Windows 10 Famille 64 bits,Carte graphique NVIDIA® GeForce RTX™ 3050 avec 4 Go de mémoire GDDR6,"8 Go, 1 x 8 Go de mémoire, DDR4 à 3 200 MHz",Disque SSD M.2 PCIe NVMe de 512 Go,Processeur mobile AMD Ryzen™ 5 5600H 6 coeurs/12 threads,Windows 10 Famille 64 bits,"899,30 "
136,Nouveau Dell G15 Gaming (AMD),4.1,Processeur mobile AMD Ryzen™ 7 5800H 8 coeurs/16 threads,Windows 11 Famille,Carte graphique NVIDIA® GeForce RTX™ 3050 Ti avec 4 Go de mémoire GDDR6,"16 Go, 2 x 8 Go, de mémoire DDR4, 3 200 MHz",Disque SSD M.2 PCIe NVMe de 512 Go,Processeur mobile AMD Ryzen™ 7 5800H 8 coeurs/16 threads,Windows 11 Famille,
137,Nouveau Dell G15 Gaming Laptop,4.1,10th Generation Intel® Core™ i5-10200H,Windows 10 Famille 64 bits,Carte graphique NVIDIA® GeForce RTX™ 3050 Ti avec 4 Go de mémoire GDDR6,8 Go,Disque SSD M.2 PCIe NVMe de 512 Go,10th Generation Intel® Core™ i5-10200H,Windows 10 Famille 64 bits,"879,30 "
138,Nouveau Dell G15 (Special Edition),4.0,Processeur Intel® Core™ i7-11800H de 11e génération,Windows 11 Famille,Carte graphique NVIDIA® GeForce RTX™ 3060 avec 6 Go de mémoire GDDR6,"16 Go, 2 x 8 Go, de mémoire DDR4, 3 200 MHz",Disque SSD M.2 PCIe NVMe de 512 Go,Processeur Intel® Core™ i7-11800H de 11e génération,Windows 11 Famille,"1 599,29 "
139,Nouveau Dell G15 (Special Edition),4.0,Processeur Intel® Core™ i7-11800H de 11e génération,Windows 11 Famille,Carte graphique NVIDIA® GeForce RTX™ 3060 avec 6 Go de mémoire GDDR6,"16 Go, 2 x 8 Go, de mémoire DDR4, 3 200 MHz",Disque SSD M.2 PCIe NVMe de 1 To,Processeur Intel® Core™ i7-11800H de 11e génération,Windows 11 Famille,"1 699,31 "
140,Dell G15,4.0,Processeur Intel® Core™ i5-11400H de 11e génération,Windows 10 Famille 64 bits,Carte graphique NVIDIA® GeForce RTX™ 3050 avec 4 Go de mémoire GDDR6,8 Go de mémoire DDR4 3 200 MHz,Disque SSD M.2 PCIe NVMe de 512 Go,Processeur Intel® Core™ i5-11400H de 11e génération,Windows 10 Famille 64 bits,"879,30 "
141,Nouveau Dell G15 (Special Edition),4.0,Processeur Intel® Core™ i7-11800H de 11e génération,Windows 11 Famille,Carte NVIDIA® GeForce RTX™ 3050 Ti avec 4 Go de mémoire GDDR6,"16 Go, 2 x 8 Go, de mémoire DDR4, 3 200 MHz",Disque SSD M.2 PCIe NVMe de 512 Go,Processeur Intel® Core™ i7-11800H de 11e génération,Windows 11 Famille,
142,Nouveau Dell G15 (Special Edition),4.0,Processeur Intel® Core™ i7-11800H de 11e génération,Windows 10 Famille 64 bits,Carte graphique NVIDIA® GeForce RTX™ 3060 avec 6 Go de mémoire GDDR6,"16 Go, 2 x 8 Go, de mémoire DDR4, 3 200 MHz",Disque SSD M.2 PCIe NVMe de 1 To,Processeur Intel® Core™ i7-11800H de 11e génération,Windows 10 Famille 64 bits,"1 549,31 "
143,Nouveau Dell G15 Gaming Laptop,4.1,10th Generation Intel® Core™ i7-10870H,Windows 11 Famille,Carte graphique NVIDIA® GeForce RTX™ 3060 avec 6 Go de mémoire GDDR6,"16 Go, 2 x 8 Go de mémoire DDR4 à 2 933 MHz",Disque SSD M.2 PCIe NVMe de 512 Go,10th Generation Intel® Core™ i7-10870H,Windows 11 Famille,"1 299,30 "
144,Nouveau Dell G15 (Special Edition),4.0,Processeur Intel® Core™ i7-11800H de 11e génération,Windows 11 Famille,Carte graphique NVIDIA® GeForce RTX™ 3060 avec 6 Go de mémoire GDDR6,"16 Go, 2 x 8 Go, de mémoire DDR4, 3 200 MHz",Disque SSD M.2 PCIe NVMe de 1 To,Processeur Intel® Core™ i7-11800H de 11e génération,Windows 11 Famille,"1 599,29 "
145,Nouveau Dell G15 Gaming Laptop,4.1,Processeur Intel® Core™ i5-10500H de 10e génération,Windows 11 Famille,Carte graphique NVIDIA® GeForce® GTX 1650 avec 4 Go de mémoire GDDR6,8 Go,Disque SSD M.2 PCIe NVMe de 256 Go,Processeur Intel® Core™ i5-10500H de 10e génération,Windows 11 Famille,"799,30 "
146,Nouveau Dell G15 (Special Edition),4.0,Processeur Intel® Core™ i7-11800H de 11e génération,Windows 10 Famille 64 bits,Carte graphique NVIDIA® GeForce RTX™ 3060 avec 6 Go de mémoire GDDR6,"16 Go, 2 x 8 Go, de mémoire DDR4, 3 200 MHz",Disque SSD M.2 PCIe NVMe de 512 Go,Processeur Intel® Core™ i7-11800H de 11e génération,Windows 10 Famille 64 bits,"1 499,30 "
147,Nouveau  XPS 13 2-in-1,4.0,Processeur Intel® Core™ i7-1165G7 de 11e génération,Windows 10 Famille 64 bits,Carte graphique Intel® Iris Xe,16 Go de mémoire intégrée LPDDR4x à 4 267 MHz,Disque SSD M.2 PCIe NVMe x4 intégré de 512 Go,Processeur Intel® Core™ i7-1165G7 de 11e génération,Windows 10 Famille 64 bits,"1 549,04 "
148,Nouveau XPS 13 2-en1,4.0,Processeur Intel® Core™ i7-1165G7 de 11e génération,Windows 11 Famille,Carte graphique Intel® Iris Xe,16 Go de mémoire intégrée LPDDR4x à 4 267 MHz,Disque SSD M.2 PCIe NVMe x4 intégré de 512 Go,Processeur Intel® Core™ i7-1165G7 de 11e génération,Windows 11 Famille,"1 849,04 "
149,Nouveau XPS 13 2-en1,4.0,Processeur Intel® Core™ i7-1165G7 de 11e génération,Windows 10 Famille 64 bits,Carte graphique Intel® Iris Xe,32 Go de mémoire intégrée LPDDR4x à 4 267 MHz,Disque SSD PCIe NVMe x4 intégré de 1 To,Processeur Intel® Core™ i7-1165G7 de 11e génération,Windows 10 Famille 64 bits,"2 099,05 "
150,Nouveau Alienware m15 Ryzen Edition R5,3.9,AMD Ryzen 9 5900HX,Windows 11 Famille,Carte graphique NVIDIA® GeForce RTX™ 3070 avec 8 Go de mémoire GDDR6,"16 Go, 2 x 8 Go, de mémoire DDR4, 3 200 MHz",Disque SSD M.2 PCIe de 1 To,AMD Ryzen 9 5900HX,Windows 11 Famille,
151,Alienware m15 Ryzen Edition R5,3.9,AMD Ryzen 7 5800H,Windows 11 Famille,Carte graphique NVIDIA® GeForce RTX™ 3050 Ti avec 4 Go de mémoire GDDR6,"16 Go, 2 x 8 Go, de mémoire DDR4, 3 200 MHz",Disque SSD PCIe M.2 de 512 Go,AMD Ryzen 7 5800H,Windows 11 Famille,
152,Nouveau Alienware m15 Ryzen Edition R5,3.9,AMD Ryzen 7 5800H,Windows 11 Famille,Carte graphique NVIDIA® GeForce RTX™ 3060 avec 6 Go de mémoire GDDR6,"16 Go, 2 x 8 Go, de mémoire DDR4, 3 200 MHz",Disque SSD M.2 PCIe de 1 To,AMD Ryzen 7 5800H,Windows 11 Famille,
153,Nouveau Alienware m15 Ryzen Edition R5,3.9,AMD Ryzen 7 5800H,Windows 11 Famille,Carte graphique NVIDIA® GeForce RTX™ 3060 avec 6 Go de mémoire GDDR6,"16 Go, 2 x 8 Go, de mémoire DDR4, 3 200 MHz",Disque SSD PCIe M.2 de 512 Go,AMD Ryzen 7 5800H,Windows 11 Famille,
154,Nouveau Alienware m15 Ryzen Edition R5,3.9,AMD Ryzen 9 5900HX,Windows 11 Famille,Carte graphique NVIDIA® GeForce RTX™ 3070 avec 8 Go de mémoire GDDR6,"32 Go, 2 x 16 Go, de mémoire DDR4, 3 200 MHz",Disque SSD M.2 PCIe de 1 To,AMD Ryzen 9 5900HX,Windows 11 Famille,
155,Inspiron 13 2-in-1,4.3,Processeur Intel® Core™ i7-1165G7 de 11e génération,Windows 11 Famille,Carte graphique Intel® Iris® Xe avec mémoire graphique partagée,16 Go de mémoire LPDDR4x intégrée à 4 267 MHz,Disque SSD M.2 PCIe NVMe de 1 To,Processeur Intel® Core™ i7-1165G7 de 11e génération,Windows 11 Famille,
156,Nouvea Alienware m15 R6 Gaming Laptop,3.6,Processeur Intel® Core™ i7-11800H de 11e génération,Windows 11 Famille,Carte graphique NVIDIA® GeForce RTX™ 3070 avec 8 Go de mémoire GDDR6,"16 Go, 2 x 8 Go, de mémoire DDR4, 3 200 MHz",Disque SSD M.2 PCIe de 1 To,Processeur Intel® Core™ i7-11800H de 11e génération,Windows 11 Famille,
157,Nouvea Alienware m15 R6 Gaming Laptop,3.6,Processeur Intel® Core™ i7-11800H de 11e génération,Windows 10 Famille 64 bits,Carte graphique NVIDIA® GeForce RTX™ 3060 avec 6 Go de mémoire GDDR6,"16 Go, 2 x 8 Go, de mémoire DDR4, 3 200 MHz",Disque SSD M.2 PCIe NVMe de 512 Go,Processeur Intel® Core™ i7-11800H de 11e génération,Windows 10 Famille 64 bits,
158,Nouvea Alienware m15 R6 Gaming Laptop,3.6,Processeur Intel® Core™ i7 11800H,Windows 10 Famille 64 bits,Carte graphique NVIDIA® GeForce RTX™ 3080 avec 8 Go de mémoire GDDR6,"16 Go, 2 x 8 Go, de mémoire DDR4, 3 200 MHz",Disque SSD M.2 PCIe de 1 To,Processeur Intel® Core™ i7 11800H,Windows 10 Famille 64 bits,
159,Nouveau Alienware m15 R6 Gaming Laptop,3.6,Processeur Intel® Core™ i5 11400H,Windows 11 Famille,Carte graphique NVIDIA® GeForce RTX™ 3060 avec 6 Go de mémoire GDDR6,"16 Go, 2 x 8 Go, de mémoire DDR4, 3 200 MHz",Disque SSD M.2 PCIe NVMe de 512 Go,Processeur Intel® Core™ i5 11400H,Windows 11 Famille,
160,Nouveau Alienware m15 R6 Gaming Laptop,3.6,Processeur Intel® Core™ i7 11800H,Windows 11 Famille,Carte graphique NVIDIA® GeForce RTX™ 3060 avec 6 Go de mémoire GDDR6,"16 Go, 2 x 8 Go, de mémoire DDR4, 3 200 MHz",Disque SSD M.2 PCIe de 1 To,Processeur Intel® Core™ i7 11800H,Windows 11 Famille,
161,Nouveau Alienware m15 R6 Gaming Laptop,3.6,Processeur Intel® Core™ i7 11800H,Windows 11 Famille,Carte graphique NVIDIA® GeForce RTX™ 3080 avec 8 Go de mémoire GDDR6,"32 Go, 2 x 16 Go, de mémoire DDR4, 3 200 MHz",2 To (2 disques SSD PCIe M.2 de 1 To),Processeur Intel® Core™ i7 11800H,Windows 11 Famille,
162,Nouveau Alienware m15 R6 Gaming Laptop,3.6,Processeur Intel® Core™ i7 11800H,Windows 11 Famille,Carte graphique NVIDIA® GeForce RTX™ 3070 avec 8 Go de mémoire GDDR6,"32 Go, 2 x 16 Go, de mémoire DDR4, 3 200 MHz",Disque SSD M.2 PCIe de 1 To,Processeur Intel® Core™ i7 11800H,Windows 11 Famille,
163,Nouveau Alienware m15 R6 Gaming Laptop,3.6,Processeur Intel® Core™ i9 11900H,Windows 11 Famille,Carte graphique NVIDIA® GeForce RTX™ 3070 avec 8 Go de mémoire GDDR6,"32 Go, 2 x 16 Go, de mémoire DDR4, 3 200 MHz",Disque SSD M.2 PCIe de 1 To,Processeur Intel® Core™ i9 11900H,Windows 11 Famille,
